{
	"info": {
		"_postman_id": "76e2bce6-084d-421c-9619-ff849c0ef109",
		"name": "Library Management API",
		"schema": "https://schema.getpostman.com/json/collection/v2.1.0/collection.json",
		"_exporter_id": "37423471"
	},
	"item": [
		{
			"name": "Get All Books",
			"request": {
				"method": "GET",
				"header": [],
				"url": {
					"raw": "http://localhost:7000/books",
					"protocol": "http",
					"host": [
						"localhost"
					],
					"port": "7000",
					"path": [
						"books"
					]
				}
			},
			"response": []
		},
		{
			"name": "Get a Book by ID",
			"request": {
				"method": "GET",
				"header": [],
				"url": {
					"raw": "http://localhost:7000/books/1",
					"protocol": "http",
					"host": [
						"localhost"
					],
					"port": "7000",
					"path": [
						"books",
						"1"
					]
				}
			},
			"response": []
		},
		{
			"name": " Create a New Book",
			"request": {
				"method": "POST",
				"header": [],
				"body": {
					"mode": "raw",
					"raw": "{\r\n    \"title\": \"Jaws\",\r\n    \"author\": \"Peter Benchley\",\r\n    \"isbn\": \"8713069574\"\r\n}\r\n",
					"options": {
						"raw": {
							"language": "json"
						}
					}
				},
				"url": {
					"raw": "http://localhost:7000/books",
					"protocol": "http",
					"host": [
						"localhost"
					],
					"port": "7000",
					"path": [
						"books"
					]
				}
			},
			"response": []
		},
		{
			"name": "Update a Book",
			"request": {
				"method": "PUT",
				"header": [],
				"body": {
					"mode": "raw",
					"raw": "{\r\n    \"title\": \"Dune\",\r\n    \"author\": \"Frank Herbert\",\r\n    \"isbn\": \"5203698741\"\r\n}",
					"options": {
						"raw": {
							"language": "json"
						}
					}
				},
				"url": {
					"raw": "http://localhost:7000/books/2",
					"protocol": "http",
					"host": [
						"localhost"
					],
					"port": "7000",
					"path": [
						"books",
						"2"
					]
				}
			},
			"response": []
		},
		{
			"name": "Delete a Book",
			"request": {
				"method": "GET",
				"header": [],
				"url": {
					"raw": ""
				}
			},
			"response": []
		}
	]
}